CoinName,Algorithm,IsTrading,ProofType,TotalCoinsMined,TotalCoinSupply
42 Coin,Scrypt,TRUE,PoW/PoS,41.99995383,42
365Coin,X11,TRUE,PoW/PoS,,2300000000
404Coin,Scrypt,TRUE,PoW/PoS,1055184902.04,532000000
SixEleven,SHA-256,TRUE,PoW,,611000
808,SHA-256,TRUE,PoW/PoS,0,0
EliteCoin,X13,TRUE,PoW/PoS,29279424622.5027,314159265359
2015 coin,X11,TRUE,PoW/PoS,,0
Bitcoin,SHA-256,TRUE,PoW,17927175,21000000
Ethereum,Ethash,TRUE,PoW,107684222.6865,0
Litecoin,Scrypt,TRUE,PoW,63039243.3000049,84000000
Dash,X11,TRUE,PoW/PoS,9031294.37563393,22000000
Monero,CryptoNight-V7,TRUE,PoW,17201143.1449131,0
Ethereum Classic,Ethash,TRUE,PoW,113359703,210000000
ZCash,Equihash,TRUE,PoW,7383056.25,21000000
Bitshares,SHA-512,TRUE,PoS,2741570000,3600570502
DigiByte,Multiple,TRUE,PoW,11406219141,21000000000
BitcoinDark,SHA-256,TRUE,PoW/PoS,1288862,22000000
CraigsCoin,X11,TRUE,PoS,,30000000
Bitstake,X11,TRUE,PoW/PoS,0,1300000
PayCoin,SHA-256,TRUE,PoS,11995334.8847328,12500000
ProsperCoin,Scrypt,TRUE,PoW,5768310,21000000
YbCoin,Multiple,TRUE,PoS,,200000000
DarkKush,X13,TRUE,PoW/PoS,,3000000
GiveCoin,X11,TRUE,PoW,,500000000
KoboCoin,X15,TRUE,PoW/PoS,25542535.5881841,350000000
DarkToken,NIST5,TRUE,PoW/PoS,,0
CETUS Coin,Scrypt,TRUE,PoW/PoS,,0
Spreadcoin,X11,TRUE,PoW,11149733.9976203,20000000
Insanity Coin,X11,TRUE,PoW,,50000000
ACoin,SHA-256,TRUE,PoW,0,1600000
Aero Coin,X13,TRUE,PoS,0,7000000
AlphaCoin,Scrypt,TRUE,PoW,,210182000
Aegis,X13,TRUE,PoS,,0
AmericanCoin,Scrypt,TRUE,PoW,,168000000
AlienCoin,Scrypt,TRUE,PoW,,200000000
ApexCoin,X13,TRUE,PoW/PoS,0,6000000
ArchCoin,Scrypt,TRUE,PoS,0,16403135
Argentum,Scrypt,TRUE,PoW,12205795.4449549,64000000
AriCoin,Scrypt,TRUE,PoW,,322649400
Aurora Coin,Scrypt,TRUE,PoW/PoS,18135099.992959,16768584
BetaCoin,SHA-256,TRUE,PoW,0,32000000
BeanCash,SHA-256,TRUE,PoW/PoS,,50000000000
BlueCoin,Scrypt,TRUE,PoW/PoS,635423900,0
BQCoin,Scrypt,TRUE,PoW,,88000000
MyriadCoin,Multiple,TRUE,PoW,1688254250,2000000000
MoonCoin,Scrypt,TRUE,PoW,88,384000000000
ZetaCoin,SHA-256,TRUE,PoW,170204389.754849,169795588
SexCoin,Scrypt,TRUE,PoW,128940951.183046,250000000
Quatloo,Scrypt,TRUE,PoW,7357794.7925,100000000
EnergyCoin,Scrypt,TRUE,PoW/PoS,123062801.128773,0
QuarkCoin,Quark,TRUE,PoW,259557164.91477,247000000
Riecoin,Groestl,TRUE,PoW,49548585.1412917,84000000
Digitalcoin ,Scrypt,TRUE,PoW,33442988.3440364,48166000
LimeCoinX,X11,TRUE,PoW,0,21000000
BitBar,Scrypt,TRUE,PoW/PoS,42579.476901,500000
CAIx,Scrypt,TRUE,PoS,,0
BitMark,Scrypt,TRUE,PoW,0,27580000
CryptoBuk,Scrypt,TRUE,PoW/PoS,,100000000
Cachecoin,Scrypt,TRUE,PoW,,2000000000
BottleCaps,Scrypt,TRUE,PoW/PoS,,47433600
CashCoin,Scrypt,TRUE,PoW/PoS,0,47433600
Catcoin,Scrypt,TRUE,PoW,7219956.64626131,21000000
CryptoBullion,Scrypt,TRUE,PoW/PoS,1039116.65144562,1000000
CannaCoin,Scrypt,TRUE,PoW,4703879.51824446,13140000
CinderCoin,Multiple,TRUE,PoW/PoS,0,114000000
CINNICOIN,Scrypt,TRUE,PoW,,15000000
CopperLark,SHA-256,TRUE,PoW,,27200000
CosmosCoin,Scrypt,TRUE,PoW/PoS,,100000000
ChinaCoin,Scrypt,TRUE,PoW,,462500000
ConcealCoin,X11,TRUE,PoW,,8500000
Community Coin,Scrypt,TRUE,PoW/PoS,,1000000000
CoolCoin,Scrypt,TRUE,PoS,0,100000000
CrackCoin,X11,TRUE,PoW,,6000000
CryptCoin,X11,TRUE,PoW,4996986.20575291,18000000
CasinoCoin,Scrypt,TRUE,PoC,39999997299.8568,40000000000
eMark,SHA-256,TRUE,PoW/PoS,0,0
Diamond,Groestl,TRUE,PoW/PoS,3304487.74735637,4380000
Verge,Multiple,TRUE,PoW,15929530669.1206,16555000000
DarkCash,X11,TRUE,PoW/PoS,0,3720000
DarkShibe,Scrypt,TRUE,PoW,0,2043962
DevCoin,SHA-256,TRUE,PoW,18773857500,21000000000
EarthCoin,Scrypt,TRUE,PoW,12539015186.822,13500000000
E-Gulden,Scrypt,TRUE,PoW,20910478.8062499,21000000
Elacoin,Scrypt,TRUE,PoW,0,75000000
Einsteinium,Scrypt,TRUE,PoW,218871896.499999,299792458
Emerald,Scrypt,TRUE,PoW,19496786.31025,32000000
Exclusive Coin,PoS,TRUE,PoS,5679705,0
ExeCoin,Scrypt,TRUE,PoW,,21000000
EZCoin,Scrypt,TRUE,PoW,,84000000
Flappy Coin,Scrypt,TRUE,PoW,0,100000000000
Fuel2Coin,X11,TRUE,PoS,0,100000000
FireflyCoin,SHA-256,TRUE,PoW,,700000000000
FIBRE,NIST5,TRUE,PoW/PoS,0,624000
FireRoosterCoin,SHA-256,TRUE,PoW,0,2602410
FlutterCoin,Scrypt,TRUE,PoS/PoW/PoT,461829905.32893,0
Franko,Scrypt,TRUE,PoW,1142732.14912776,11235813
FractalCoin,X11,TRUE,PoW,,1000000
FastCoin,Scrypt,FALSE,PoW,,165888000
FeatherCoin,NeoScrypt,TRUE,PoW,208669093.00773,336000000
GrandCoin,Scrypt,TRUE,PoW,884125802,1420609614
GlobalCoin,Scrypt,TRUE,PoW,65672720.4708748,70000000
GoldCoin,Scrypt,TRUE,PoW,41658647.9999715,72245700
GalaxyCoin,Scrypt,TRUE,PoW/PoS,,538214400
GlyphCoin,X11,TRUE,PoW/PoS,0,7000000
GameLeagueCoin,Scrypt,TRUE,PoW/PoS,,500000000
GuerillaCoin,X11,TRUE,PoW/PoS,,19500000
Halcyon,X15,TRUE,PoW/PoS,0,0
HoboNickels,Scrypt,TRUE,PoW/PoS,89266933.684704,120000000
HunterCoin,Multiple,TRUE,PoW,0,42000000
HeavyCoin,Multiple,TRUE,PoW,,128000000
HyperStake,X11,TRUE,PoS,1678520090.7713,0
IceBergCoin,NIST5,TRUE,PoW/PoS,,8750000
Infinite Coin,Scrypt,TRUE,PoW,90595753018.6314,90600000000
IOCoin,X11,TRUE,PoW/PoS,17650913.9743456,22000000
IXcoin,SHA-256,TRUE,PoW,21089348.999,21000000
JumBucks Coin,X11,TRUE,PoW/PoS,0,3293010
JunkCoin,Scrypt,TRUE,PoW,,107000000
JudgeCoin,X13,TRUE,PoW/PoS,0,21600000
Klondike Coin,Scrypt,TRUE,PoW,,20000000
KeyCoin,X13,FALSE,PoW/PoS,,1000000
KrugerCoin,Scrypt,TRUE,PoW,151447649.8,265420800
Lucky7Coin,Scrypt,TRUE,PoW/PoS,,99792000
LuckyCoin,Scrypt,TRUE,PoW,19326319.14375,20000000
LightSpeedCoin,NIST5,TRUE,PoW/PoS,,900000
Litebar ,Scrypt,TRUE,PoW,1104344.22938102,1350000
LitecoinDark,Scrypt,TRUE,PoW,0,82003200
LitecoinX,X11,TRUE,PoW,,84000000
LibrexCoin,X11,TRUE,PoW/PoS,0,1000000
LycanCoin,Scrypt,TRUE,PoW,,4950000000
MaxCoin,SHA3,TRUE,PoW/PoS,61445805,100000000
MegaCoin,Scrypt,TRUE,PoW,38151999.9930997,42000000
MediterraneanCoin,HybridScryptHash256,TRUE,PoW,40431856.9,200000000
Minerals Coin,X11,FALSE,PoW/PoS,,1000000
MintCoin,Scrypt,TRUE,PoS,21293925445.4969,0
Cryptsy Mining Contract,SHA-256,TRUE,PoW,,0
MinCoin,Scrypt,TRUE,PoW,5804204.88794916,10000000
MurrayCoin,Scrypt,TRUE,PoW,,58000000
MazaCoin,SHA-256,TRUE,PoW/PoS,1613836099.99999,2419200000
NanoToken,Scrypt,TRUE,PoW,,80000000
Nautilus Coin,Scrypt,TRUE,PoS,16180000,16180000
NavCoin,X13,TRUE,PoW/PoS,66087096.2077108,0
Nybble,Scrypt,TRUE,PoW,,210000000
Nimbus Coin,X15,TRUE,PoW/PoS,,25000000
NoirBits,SHA-256,TRUE,PoW,0,50000000
NobleCoin,Scrypt,TRUE,PoW,2366066305.76482,15000000000
NoirShares,Scrypt,TRUE,PoW/PoS,,5000000
Namecoin,SHA-256,TRUE,PoW,14736400,21000000
NyanCoin,Scrypt,TRUE,PoW,334709223.483138,337000000
OpalCoin,X13,TRUE,PoW/PoS,15156364.3306548,0
Orbitcoin,NeoScrypt,TRUE,PoW/PoS,3220616.279225,3770000
PhilosophersStone,Scrypt,TRUE,PoW,,8891840
PotCoin,Scrypt,TRUE,PoW/PoS,222677226.014206,420000000
PseudoCash,X13,TRUE,PoW/PoS,,2200000
PhoenixCoin,Scrypt,TRUE,PoW/PoS,73959274.625,98000000
PayCoin,Scrypt,TRUE,PoW/PoS,,30000000
Reddcoin,Scrypt,TRUE,PoW/PoS,29315567169.0888,0
RipOffCoin,Scrypt,TRUE,PoW,0,12000000
RonPaulCoin,Scrypt,TRUE,PoW,1104157.42169891,21000000
RotoCoin,Scrypt-n,TRUE,PoW/PoS,,288000
RoyalCoin,Scrypt,TRUE,PoW,,140000000
RazorCoin,Scrypt,TRUE,PoW,,4000000
Saturn2Coin,Scrypt,TRUE,PoW,,15000000000
StableCoin,Scrypt,TRUE,PoW,24215181.725,250000000
SaffronCoin,Multiple,TRUE,PoW,,111000000
ShadeCoin,Scrypt,TRUE,PoW/PoS,,2000000
ShieldCoin,X15,TRUE,PoW/PoS,0,1000000
SilkCoin,Scrypt,TRUE,PoW/PoS,0,1000000
SterlingCoin,X13,TRUE,PoS,,0
SmartCoin,Scrypt,TRUE,PoW,25593737.1355044,51200000
SoleCoin,X15,TRUE,PoW/PoS,,1200000
SpainCoin,Scrypt-n,TRUE,PoW,0,50000000
Spots,Scrypt,TRUE,PoW,,100000000
SecureCoin,Scrypt,TRUE,PoW,0,21000000
SSVCoin,X13,TRUE,PoW,,21000000
SuperCoin,X11,TRUE,PoS,50707661.7493518,0
SyncCoin,X11,TRUE,PoW/PoS,1177,1000
SysCoin,SHA-256,TRUE,PoW,563336541.299966,888000000
TagCoin,Scrypt,TRUE,PoW/PoS,,1000000
TakCoin,SHA-256,TRUE,PoW/PoS,,7515187520
TeslaCoin,Multiple,TRUE,PoS,80260463.7331396,100000000
TigerCoin,SHA-256,TRUE,PoW,43536800,47011968
TittieCoin,PHI1612,TRUE,PoS,1622326490.46336,2300000000
TorCoin,X11,TRUE,PoW/PoS,1431851.00002479,10000000
TerraCoin,SHA-256,TRUE,PoW,22935396,42000000
TitCoin,Scrypt,TRUE,PoW,,1000000
Umbrella,SHA-256,TRUE,PoW,0,2625000
UnbreakableCoin,SHA-256,TRUE,PoW,2278150,80000000
Unobtanium,SHA-256,TRUE,PoW,200911.79151896,250000
UroCoin,X11,TRUE,PoW,1207310,0
UnitaryStatus Dollar,Scrypt,TRUE,PoW/PoS,1098952592.6,1600000000
UltraCoin,Scrypt,TRUE,PoW/PoS,50235211.141939,100000000
Utility Coin,X13,TRUE,PoW/PoS,0,0
VidioCoin,X11,TRUE,PoW/PoS,,0
ViaCoin,Scrypt,TRUE,PoW,23150892.1679687,23000000
VootCoin,X11,TRUE,PoW,0,0
VeriCoin,Scrypt,TRUE,PoST,32021108.4136696,0
Vertcoin,Lyra2REv2,TRUE,PoW,51173723.8166347,84000000
WorldCoin,Scrypt,TRUE,PoW,119606941,265420800
SapienceCoin,X11,TRUE,PoB/PoS,,0
SocialXbotCoin,Scrypt,TRUE,PoW/PoS,0,2000000
X11 Coin,X11,TRUE,PoW/PoS,6950831.0970606,5500000
Xcash,Scrypt,FALSE,PoW/PoS,,2400000
Crypti,Multiple,TRUE,PoS,100000000,0
JouleCoin,SHA-256,TRUE,PoW,39195739.362088,45000000
LibertyCoin,X11,TRUE,PoW/PoS,,16500000
StealthCoin,X13,TRUE,PoW/PoS,33093725.4123502,0
XXXCoin,Scrypt,TRUE,PoW/PoS,0,50000000
YAcCoin,Scrypt,TRUE,PoW,,2000000000
ZCC Coin,Scrypt,TRUE,PoW/PoS,147990237.978331,1000000000
ZedCoins,Scrypt,TRUE,PoW,,120000000
ByteCoin,CryptoNight,TRUE,PoW,184066828814,184467440735
Elektron,X13,TRUE,PoW/PoS,,3000000
DigitalNote ,CryptoNight,TRUE,PoW,6906587610.38292,10000000000
XauCoin,SHA-256,TRUE,PoW,,2100000
BurstCoin,Shabal256,TRUE,PoC,1813033920,2158812800
StorjCoin,Counterparty,TRUE,PoS,51173144,500000000
BigCoin,Blake,TRUE,PoW,,164429865
007 coin,Scrypt,TRUE,PoW,,989800
MonaCoin,Scrypt,TRUE,PoW,68194674.8711679,105120000
TekCoin,SHA-256,TRUE,PoW/PoS,,100000000
Neutron,SHA-256,TRUE,PoW/PoS,39121694,68000000
Sling Coin,SHA-256,TRUE,PoW,0,1000000
Stability Shares,Scrypt,TRUE,PoW/PoS,,15000000
KryptCoin,Scrypt,TRUE,PoS,0,17000000
FairCoin,Groestl,TRUE,PoW/PoS,53193831,0
Gulden,Scrypt,TRUE,PoW,415032420,1680000000
RubyCoin,Scrypt,TRUE,PoS,27184490.3918338,0
PesetaCoin,Scrypt,TRUE,PoW,137517654.41397,166386000
Kore,X13,TRUE,PoW/PoS,2022464.886973,12000000
Wild Beast Coin,Scrypt,TRUE,PoW,181919.2435974,2628000
Sonic Screw Driver Coin,SHA-256,TRUE,PoW/PoS,,0
Dnotes,Scrypt,TRUE,PoS,174646113.934655,500000000
Flo,Scrypt,TRUE,PoW,152270664.860648,160000000
MaieutiCoin,SHA-256,TRUE,PoS,0,2014
8BIT Coin,Scrypt,TRUE,PoW/PoS,1467841,0
Sativa Coin,X13,TRUE,PoW/PoS,7096834,10000000
AeroMe,X13,TRUE,PoW/PoS,0,12000000
NakomotoDark,X11,TRUE,PoW/PoS,,0
GhostCoin,Scrypt,TRUE,PoW/PoS,,750000000
ArtByte,Scrypt,TRUE,PoW,792537250,1000000000
MasterTraderCoin,X11,TRUE,PoW/PoS,0,10110000
BitCredit,Momentum,TRUE,PoW,0,210000000
Pebble Coin,CryptoNight,TRUE,PoW,,0
Dirac Coin,Blake,TRUE,PoW,,2272800
Folding Coin,Stanford Folding,TRUE,PoW,719416990,1000000000
Social Media Coin,X11,TRUE,PoW/PoS,,0
Ucoin,X11,TRUE,PoS,2689812,20000000
Unitus,Multiple,TRUE,PoW,65113302,0
CypherPunkCoin,QuBit,TRUE,PoW,6365285,0
QuBuck Coin,X13,TRUE,PoS/PoB,,0
MaryJane Coin,X15,TRUE,PoW/PoS,0,0
OmniCron,Scrypt,TRUE,PoW,10140044.4430293,3371337
GigCoin,X11,TRUE,PoW,,0
CyberCoin,Scrypt,TRUE,PoW/PoS,0,0
Vtorrent,Scrypt,TRUE,PoW/PoS,11604722,20000000
MetalCoin,Scrypt,TRUE,PoW,,0
GreenCoin,Scrypt,TRUE,PoW,4610340640.89,10000000000
XG Sports,XG Hash,TRUE,PoW/PoS,,0
ChildCoin,X11,TRUE,PoW,,2000000
Instamine Nuggets,Scrypt,TRUE,PoW,,21649485
ROS Coin,X11,TRUE,PoW/PoS,,0
Unattanium,SHA-256,TRUE,PoW,0,0
GAIA Platform,X11,TRUE,PoS,,24000000
Cryptonite,M7 POW,TRUE,PoW,708506520,1840000000
Gridmaster,Scrypt,TRUE,PoW,0,84000000
MemoryCoin,Multiple,TRUE,PoW,,10000000
ConSpiracy Coin ,X11,TRUE,PoW,0,33000000
MasterCoin,Scrypt,TRUE,PoW,619478,619478
EggCoin,Scrypt,TRUE,PoW/PoS,,3891
Camcoin,X11,FALSE,PoW/PoS,,10000000
Ribbit Rewards,Multiple,TRUE,PoW,,1000000000
ICASH,X11,TRUE,PoW,,1000000
Node,Curve25519,TRUE,PoA,,1000000000
SoonCoin,SHA-256,TRUE,PoW,12462620,21000000
BitMiles,Scrypt,TRUE,PoW,,4832660000
Event Token,Scrypt,TRUE,PoW/PoS,,0
1Credit,Scrypt,TRUE,PoW,88213,92000000000
ViorCoin,Scrypt,TRUE,PoW/PoS,0,0
VirtualMining Coin,Scrypt-n,TRUE,PoW,,1000000
MarsCoin,X11,FALSE,PoW,,33000000
Equilibrium Coin,SHA-256,TRUE,PoW/PoS,,0
IslaCoin,X11,TRUE,PoW/PoS,1513704,0
Quicksilver coin,X11,TRUE,PoW,0,33000000
DeOxyRibose,X11,TRUE,PoS,,0
SkullBuzz,SHA-256,TRUE,PoS,,0
CryptoFocus,X11,TRUE,PoW/PoS,,0
Nexus,SHA3,TRUE,PoW/nPoS,63657220,78000000
EagsCoin,X11,TRUE,PoW/PoS,,20445500
MultiWallet Coin,X11,TRUE,PoW/PoS,,0
MarsCoin ,X11,TRUE,PoW,32221574.820996,33000000
Megastake,X11,TRUE,PoW/PoS,,0
Singular,Scrypt,TRUE,PoW/PoS,0,0
SupplyShock,X13,TRUE,PoW/PoS,,0
DarkBit,Scrypt,TRUE,PoW/PoS,,0
Crypto,Lyra2RE,TRUE,PoW,13742738,65789100
BitLux,X11,FALSE,PoW/PoS,,0
FutCoin,X13,TRUE,PoW/PoS,,0
TamaGucci,Scrypt,TRUE,PoW/PoS/PoC,,5300000
MorpheusCoin,X11,TRUE,PoW,,3400000
Forever Coin,X11,TRUE,PoS,,210000000
BananaBits,Scrypt,TRUE,PoW/PoS,,0
Anarchists Prime,SHA-256,TRUE,PoW,14747200.0002,53760000
Droidz,QUAIT,TRUE,PoW/PoS,8568038.35935056,5060000
BowsCoin,X11,TRUE,PoW,15863837.5,21000000
DarkTron,SHA-256,TRUE,PoW/PoS,,1500000
CryptoCircuits,vDPOS,TRUE,PoS,0,0
Empyrean,Scrypt,TRUE,PoW,,100000
Squall Coin,X11,TRUE,PoS/PoW,329200.01639,0
Charity Coin,Scrypt,TRUE,PoW,,500000
Milllionaire Coin,X11,TRUE,PoW/PoS,0,0
Quartz,SHA-256,TRUE,PoW/PoS,,0
SpinCoin,NIST5,TRUE,PoW/PoS,,0
DubCoin,X15,TRUE,PoW/PoS,,0
Graviton,SHA-256,TRUE,PoW/PoS,,0
Hedgecoin,X13,TRUE,PoW,,33000000
Song Coin,Scrypt,TRUE,PoW,32565300,210240000
BitSeeds,SHA-256,TRUE,PoW/PoS,,0
Chip,X11,TRUE,PoW,,0
SpecCoin,Scrypt,TRUE,PoW,,3000000000
Sprouts,SHA-256,TRUE,PoW/PoS,,0
BitZeny,Scrypt,TRUE,PoW,75614500,250000000
Diggits,Scrypt,TRUE,PoS,100000000,100000000
Expanse,Ethash,TRUE,PoW,10495278,16906397
MapCoin,X11,TRUE,PoS,0,2228921.184
Paycon,X13,TRUE,PoW/PoS,23042604,50000000
Siacoin,Blake2b,TRUE,PoW,33098296530,0
LyraBar,Lyra2RE,TRUE,PoW/PoS,,0
Emercoin,SHA-256,TRUE,PoW/PoS,43059794.804778,1000000000
BlitzCoin,X13,TRUE,PoS,0,3852156
BitHIRE,Scrypt,FALSE,PoS,,42000000
EverGreenCoin,X15,TRUE,PoW/PoS,13530556.4180753,26298000
MindCoin,X11,TRUE,PoW,15867695,16000000
I0coin,SHA-256,TRUE,PoW,20997476.8650231,21000000
Decred,BLAKE256,TRUE,PoW/PoS,10365046.9281661,21000000
DogeCoinDark,Scrypt,TRUE,PoW,0,16500000000
Revolution VR,Scrypt,TRUE,PoW,210000000,210000000
HOdlcoin,1GB AES Pattern Search,TRUE,PoW,11448949,81962100
EDRCoin,SHA-256,TRUE,PoW/PoS,3669691.84494672,22000000
Hitcoin,X11,TRUE,PoW/PoS,10996318099,26550000000
Gamecredits,Scrypt,TRUE,PoW,69836100,84000000
Dashcoin,CryptoNight,TRUE,PoW,0,18446744
DubaiCoin,SHA-256,TRUE,PoW/PoS,5129014,10500000
BiosCrypto,Quark,TRUE,PoW/PoS,0,20190463.54969240
CarpeDiemCoin,SHA-256,TRUE,PoW,21739971929,21626280000
RedCrowCoin,Scrypt,TRUE,PoW/PoS,,3966666667
PWR Coin,NIST5,TRUE,PoW/PoS,10069449031.9252,0
TrumpCoin,Blake,TRUE,PoS,0,12000000
BillaryCoin,Scrypt,TRUE,PoW/PoS,8998743.2411911,42000000
EthereumScrypt,Scrypt,TRUE,PoW/PoS,0,4200000
Phalanx,SHA-256,TRUE,PoW,0,15000000
SoulCoin,Scrypt,TRUE,PoW/PoS,,1400000000
SunShotCoin,X11,TRUE,PoW,0,2250000000
GPU Coin,Scrypt,TRUE,PoS,40477042,221052632
Think And Get Rich Coin,X15,TRUE,PoW/PoS,,30700000
HempCoin,Scrypt-n,TRUE,PoW,0,5000000000
Adzcoin,X11,TRUE,PoW,45110324,84000000
MayaCoin,Scrypt,TRUE,PoW/PoS,,250000000
VirtaCoin,Scrypt,TRUE,PoW,0,21000000000
SoilCoin,Dagger,TRUE,PoW,5702048,30000000
YoCoin,Scrypt,TRUE,PoW,636462.55983338,168351300
Universal Currency,SHA-256,TRUE,PoW/PoS,0,210000000
AEON,CryptoNight-Lite,TRUE,PoW,0,18400000
SibCoin,X11GOST,TRUE,PoW,17263355,24000000
EuropeCoin,X11,TRUE,PoW/PoS,10407269.7881868,384000000
AdvancedInternetBlock,Scrypt,TRUE,PoW,,314159265359
DragonSphere,X11,TRUE,PoW/PoS,,21007600
Anti Bitcoin,SHA-256,TRUE,PoW,0,42000000
ColossusCoinXT,X11,TRUE,PoS,,21000000000
Mineum,X13,TRUE,PoW/PoS,,10000000
ZeitCoin,Scrypt,TRUE,PoS,36971236046.8073,99000000000
Cryptographic Anomaly,Scrypt,TRUE,PoW,,10000000000
SwingCoin,SHA-256,TRUE,PoW/PoS,4377081.60953993,40000000
SafeExchangeCoin,Scrypt,TRUE,PoC,2147483647,2147483647
Nebuchadnezzar,PoS,TRUE,PoS,20000000,20000000
AcesCoin,X11,TRUE,PoS,,98000000
Francs,Scrypt,TRUE,PoW,6570807.65677618,20000000
Aiden,ScryptOG,FALSE,PoW,84000000,84000000
Number7,Scrypt,TRUE,PoW,,270967742
Cygnus,X11,TRUE,PoW/PoS,,25885320
LGBTQoin,X11,TRUE,PoW,,50000000
Uther,Dagger,TRUE,PoW,,25885320
MediumProject,PoS,TRUE,PoW,,250000
KATZcoin,SHA-256D,TRUE,PoW/PoS,,100000000
Supreme,Scrypt,TRUE,PoW/PoS,,88900000
Flash,Scrypt,TRUE,PoW/PoS,,1000000
BolivarCoin,X11,TRUE,PoW,13654082.4987998,25000000
CludCoin,Scrypt,TRUE,PoW,,100200000
High Voltage Coin,SHA-256,TRUE,PoW/PoS,,1700000
GIZMOcoin,X11,TRUE,PoW/PoS,0,100000
Fuzzballs,Scrypt,TRUE,PoW,,21000000
SecretCoin,X11,TRUE,PoW/PoS,0,21000000
Ratecoin,X11,TRUE,PoW/PoS,134554941.15119,75000000
XanaxCoin,Scrypt,TRUE,PoW,,42000000
Digital Bullion Gold,PoS,TRUE,PoS,0,15000000
WMCoin,X11,TRUE,PoS,,1000000000
GothicCoin,Scrypt,TRUE,PoW,,313333333
ShrekCoin,Scrypt,TRUE,PoW/PoS,,1246000000
Revenu,SHA-256,TRUE,PoW/PoS,1195525,222725000
PabyosiCoin,X11,TRUE,PoW/PoS,,31500000000
Obscurebay,X11,TRUE,PoW/PoS,,6562000
ExitCoin,Scrypt,TRUE,PoW/PoS,,756000000
EducoinV,Scrypt,TRUE,PoW/PoS,,99000000
Clinton,SHA-256,TRUE,PoW,0,2421227
Clockcoin,SHA-256,TRUE,PoW/PoS,16662820,525000000
VIP Tokens,NIST5,TRUE,PoW/PoS,83450403,90000000
NXEcoin,NIST5,TRUE,PoW/PoS,,2200000
ZoomCoin,Lyra2RE,TRUE,PoW,,250000
YobitVirtualCoin,SHA-256,TRUE,PoS,,22830000
OrlyCoin,X15,TRUE,PoW/PoS,0,36000000
KubosCoin,Scrypt,FALSE,PoW/PoS,,986898568551
SharkCoin,SHA-256,TRUE,PoW,,400000000
EvilCoin,X11,TRUE,PoW/PoS,,21024000
CobraCoin,Scrypt,TRUE,PoW/PoS,,1012941176
BitSend,X11,TRUE,PoW/PoS,24387724.5010828,139000000
Destiny,Scrypt,TRUE,PoW/PoS,,212625
16BitCoin,NIST5,TRUE,PoW/PoS,0,16000000
CometCoin,Scrypt,TRUE,PoW,,2000000
ChessCoin,Scrypt,TRUE,PoW/PoS,0,74666667
ReeCoin,Scrypt,TRUE,PoW/PoS,0,350000000
Marvelous,Scrypt,TRUE,PoW,,400000000
Omni,Scrypt,TRUE,PoW,616448,616448
TrollTokens,SHA-256,FALSE,PoW/PoS,,860000000
Let it Ride,POS 3.0,TRUE,PoS,38589808.6658096,33500000
ScryptCoin,Scrypt,TRUE,PoW,,34181818
Specie,PoS,TRUE,PoS,,9000000
CryptoJacks,X13,TRUE,PoW/PoS,,500000000
PutinCoin,Scrypt,TRUE,PoW/PoS,813092338.575672,2000000000
Kraken,SHA-256,TRUE,PoW/PoS,,20 000 000
iBankCoin,Scrypt,TRUE,PoW/PoS,4526324,44333333
World Gold Coin,SHA-256,FALSE,PoW,,51000000
BitMoon,X13,TRUE,PoS,,100000000
Frankywillcoin,Scrypt,TRUE,PoW/PoS,100000000,100000000
Psilocybin,SHA-256D,TRUE,PoW/PoS,,4214600
RustCoin,Scrypt,TRUE,PoW/PoS,,21212121
NewZealandCoin,Scrypt,TRUE,PoW,,335800000
PokeChain,X13,TRUE,PoS,,75000000
MudraCoin,X13,TRUE,PoS,5000000,200000000
PizzaCoin,X11,TRUE,PoW,1377917,25000000
Lutetium Coin,X11,TRUE,PoS,657000000,657000000
ExaByte (EXB),SHA-256,TRUE,PoW,,500000000
Komodo,Equihash,TRUE,dPoW/PoW,115898131,200000000
GoldBlocks,X11,TRUE,PoW/PoS,15563873,50000000
EDC Blockchain,SHA-256,TRUE,DPoS/LPoS,,5352058721.530
WayCoin,X11,TRUE,PoS,0,100000000
MollyCoin,Scrypt,TRUE,PoW/PoS,,25000000
Save The Ocean,X11,TRUE,PoW/PoS,,150000000
CarterCoin,Scrypt,TRUE,PoW/PoS,43165500,90000000
TotCoin,Scrypt,TRUE,PoW/PoS,,1613150000
MedicCoin,Scrypt,TRUE,PoW/PoS,,33000000
FuturePoints,X11,TRUE,PoS,,360000000
Zeta2Coin,Quark,TRUE,PoW/PoS,,1200000
CovenCoin,SHA-256,TRUE,PoW/PoS,,33000
Karbo,CryptoNight,TRUE,PoW,7822432.72439746,10000000
Tellurion,X11,TRUE,PoW/PoS,,3652422000
BitTokens,SHA-256,TRUE,PoW/PoS,595429,21000000
ZayedCoin,SHA-256,TRUE,PoW,6243840,9736000
MustangCoin,X11,TRUE,PoW/PoS,657636.34549789,3000000
Goonies,Scrypt,TRUE,PoW,,270875968
ZoneCoin,Scrypt,TRUE,PoW/PoS,2581970,21000000
Circuits of Value,Multiple,TRUE,PoW,1000000000,1200000000
DarkGold,X13,TRUE,PoW/PoS,,1000000
TodayCoin,Scrypt,TRUE,PoW,,39200000
RootCoin,Scrypt,TRUE,PoW/PoS,1939889,0
DopeCoin,Scrypt,TRUE,PoW,116845228,200000000
FCoin,Scrypt,TRUE,PoW/PoS,,987600000
Pioneershares,X11,TRUE,PoW/PoS,,200000
PROUD Money,X11,TRUE,PoW/PoS,0,10000000000
Samsara Coin,QuBit,TRUE,PoW/PoS,,60000000
Ubiqoin,Progressive-n,TRUE,PoS,,500000000
Armory Coin,Scrypt,TRUE,PoW/PoS,,1990000000
RingCoin,Scrypt,TRUE,PoW/PoS,,1900000000
Lazarus,DPoS,TRUE,DPoS,,10000000
BitCurrency,Scrypt,TRUE,PoS,169598616,0
FaucetCoin,X13,FALSE,PoS,,10000
Dark Moon,Scrypt,TRUE,PoW/PoS,,420000000
DollarCoin,SHA-256,TRUE,PoW,9106714,10638298
Swiscoin,Scrypt,TRUE,PoW/PoW,665200057,3100000000
BitBronze,Scrypt,TRUE,PoW,,4502400
Shilling,Scrypt,TRUE,PoW,11119200,30000000
BuzzCoin,SHA-256D,TRUE,PoW/PoS,19577787259,20000000000
Mind Gene,SHA-256,TRUE,PoW/PoS,,7500000000
PSIcoin,X11,TRUE,PoS,,696969
Opair,PoS,TRUE,PoS,74033806.7949683,74000000
PesoBit,Scrypt,TRUE,PoW/PoS,33522957,0
Fitcoin,X11,TRUE,PoW/PoS,,90000000
PantherCoin,Scrypt,TRUE,PoW/PoS,,735000000
Unfed Coin,Scrypt,TRUE,PoW,,67000000
SportsCoin,X11,TRUE,PoS,,20000000
NineElevenTruthCoin,Scrypt,TRUE,PoW/PoS,,130528084
EGOcoin,PoS,TRUE,PoS,,60000000
GBR Coin,Scrypt,TRUE,PoW,0,87500000
Halloween Coin,X11,TRUE,PoW/PoS,264678458.288619,1500000000
BaseballCardCoin,Scrypt,TRUE,PoW/PoS,,19000000
EmiratesGoldCoin,SHA-256,FALSE,PoW,,4000000
BighanCoin,Quark,TRUE,PoW,,411000000
Craftcoin,Scrypt,TRUE,PoW/PoS,,49411760
OlympCoin,X11,TRUE,PoW/PoS,,50000000
DelightPay,X13,TRUE,PoW/PoS,,90400000
AntiLitecoin,Scrypt,FALSE,PoW,,84000000
JobsCoin,X11,TRUE,PoW/PoS,,20000000000
DogeGoreCoin,X11,TRUE,PoW/PoS,,500000000
Resumeo Shares,NIST5,TRUE,PoS,,9188302
FujiCoin,Scrypt-n,TRUE,PoW,0,10000000
Vaporcoin,SHA-256,TRUE,PoW/PoS,,2000000
ZCoin,Lyra2Z,TRUE,PoW,7568281.24956067,21400000
Premium,Scrypt,TRUE,PoW,,20000000
CaliphCoin,SHA-256,TRUE,PoW,,135000000
LeaCoin,SHA-256,TRUE,PoW,0,2000000000
Californium,SHA-256,TRUE,PoW,,2520000
CoffeeCoin,PoS,TRUE,PoS,148716816,39999898
BlackShadowCoin,X11,TRUE,PoW/PoS,,2100000000
JiffyCoin,SHA-256D,TRUE,PoW,,5108400
Moneta,Scrypt,TRUE,PoW,,184000000
Rublebit,Scrypt,TRUE,PoW,,100000000
HappyCreatorCoin ,Scrypt,TRUE,PoW,,100100400000
BrainCoin,X11,TRUE,PoW/PoS,,22000000
RoyalCoin,X13,TRUE,PoS,2500124,2500124
BigLifeCoin,X11,TRUE,PoW,,9900000000
Zurcoin,Quark,TRUE,PoW,0,126000000
PeaceCoin,X11,TRUE,PoW,,700000000
Goldmaxcoin,Scrypt,TRUE,PoW,,84078950
32Bitcoin,X11,TRUE,PoW/PoS,,355000
GanjaCoin V2,X14,TRUE,PoW/PoS,100000000,100000000
TeamUP,PoS,TRUE,PoS,17818682.1654,301000000
ScryptToken,Scrypt,TRUE,PoW/PoS,,8842105
LanaCoin,SHA-256D,TRUE,PoW/PoS,1082162635.53683,7506000000
Elementrem,Ethash,TRUE,PoW,26205539,26205539
GuccioneCoin,Scrypt,TRUE,PoW,,39760000
EqualCoin,X13,TRUE,PoW/PoS,,1000000000
2BACCO Coin,Scrypt,TRUE,PoW/PoS,,81454545
DarkKnightCoin,Scrypt,TRUE,PoW/PoS,,24000000
Community Coin,SHA-256,TRUE,PoW,,36129032
ChoofCoin,Scrypt,TRUE,PoW/PoS,,40000000
CashOut,SHA-256,TRUE,PoW,0,100000000
ZClassic,Equihash,TRUE,PoW,5613550,21000000
RoyalCoin 2.0,X13,TRUE,PoS,,2500124
Pabyosi Coin,X11,TRUE,PoW/PoS,,31500000000
NetBit,Scrypt,TRUE,PoW/PoS,,10.500.000
WineCoin,Scrypt,TRUE,PoW/PoS,,1744000000
ARK,DPoS,TRUE,DPoS,108202084,125000000
ZCashDarkCoin,Scrypt,TRUE,PoW,,500000000
WashingtonCoin,X11,TRUE,PoW/PoS,,170000000
LuckyBlocks,PoS,TRUE,PoS,,20000000
InsaneCoin,X11,TRUE,PoW/PoS,18342813,30000000
LuckChain,Scrypt,TRUE,PoW/PoS,0,1000000000
FameCoin,QuBit,TRUE,PoW/PoS,,50000000
LiviaCoin,Scrypt,TRUE,PoW/PoS,,1572000000
EtherDoge,X11,TRUE,PoW/PoS,,18100000
KiloCoin,Scrypt,TRUE,PoW,196297971,10000000000
Hush,Equihash,TRUE,PoW,0,21000000
BitLuckCoin,PoS,TRUE,PoS,,5000000000
Dream8Coin,Scrypt,TRUE,PoW,,88800000000
Ebitz,PoS,FALSE,PoS,,21000000
Free Game Zone,Scrypt,TRUE,PoW,,44775520
BosonCoin,X11,TRUE,PoW/PoS,,5000000000
ArtexCoin,X11,TRUE,PoW,824000000,500000000
PlatiniumCoin,SHA-256,TRUE,PoW,,21000000
BeardDollars,Scrypt,TRUE,PoW/PoS,,21212121
BipCoin,CryptoNight,TRUE,PoW,,18446744
XenCoin,Scrypt,TRUE,PoW,,2100000000
EmberCoin,X13,TRUE,PoW/PoS,92192822723,850000000
Coin to the Future,PoS,TRUE,PoS,,1210000
DollarOnline,X11,TRUE,PoW/PoS,,1000000000
XenixCoin,X11,TRUE,PoW/PoS,3853326.77707314,3853326.77707314
iWallet,X11,TRUE,PoW/PoS,,2142857142.86
FreeCoin,PoS,TRUE,PoS,50000000,50000000
NPCcoin,SHA-256D,TRUE,PoW/PoS,0,7000000000
PLNCoin,Scrypt,TRUE,PoW/PoS,17089600,38540000
Digigems,Scrypt,TRUE,PoW,,50000000
Icobid,Scrypt,TRUE,PoW/PoS,0,200000000
AquariusCoin,Scrypt,TRUE,PoW/PoS,2449577.41533168,42000000
Kurrent,X11,TRUE,PoW,61364813,228000000
Creatio,PoS,TRUE,PoS,20000000,20000000
Eternity,X11,TRUE,PoW/PoS,6069482.07721352,60000000
Metal Music v3,Scrypt,FALSE,PoW/PoS,,2500000000
Old Dogs New Tricks,SHA-256D,TRUE,PoW/PoS,,21000000
Eurocoin,SHA-256,TRUE,PoW/PoS,12416554,20000000
CoolDarkCoin,Scrypt,TRUE,PoW/PoS,,11052632
BitcoinFast,Scrypt,TRUE,PoW/PoS,20244023.640728,33000000
SeedShares,SHA-256D,TRUE,PoW/PoS,,7996400
Stakenet,X11,TRUE,TPoS,75590369,76500000
BitConnect Coin,Scrypt,TRUE,PoW/PoS,11080722.3769581,28000000
ShortyCoin,PoS,TRUE,PoS,,100000000
Procom,Scrypt,TRUE,PoW,,28000000
CoralPay,X13,TRUE,PoS,,21000000
MoneyCoin,Scrypt,TRUE,PoW/PoS,10914418,650659833
Horse Power,Scrypt,TRUE,PoW,,2900000
HazMatCoin,Scrypt,TRUE,PoW/PoS,,100000000
CryptoSpots,DPoS,TRUE,DPoS,,0
Iconic,PoS,TRUE,PoS,,520000
NewInvestCoin,PoS,TRUE,PoS,,47090909
AvonCoin,PoS,TRUE,PoS,,1000000000
Enigma,X11,TRUE,PoW/PoS,814671,5000000
Cannabis Industry Coin,CryptoNight,TRUE,PoW,978145,21000000
LookCoin,X11,TRUE,PoW/PoS,,1613150000
MIScoin,X11,TRUE,PoW/PoS,,25000000
WorldPay,X11,TRUE,PoW/PoS,,10000000
ConquestCoin,X13,TRUE,PoW/PoS,,30000000
TheChiefCoin,Scrypt,TRUE,PoW/PoS,,2500000000
Russiacoin,Scrypt,TRUE,PoW/PoS,8377873,144000000
PandaCoin,Scrypt,TRUE,PoS,33813143821.8337,32514916898
Canada eCoin,Scrypt,TRUE,PoW,,100000000
OptionCoin,X11,TRUE,PoS,,21000000
Avatar Coin,PoS,TRUE,PoS,,10000000
Limited Coin,PoS,TRUE,PoS,,128
GameUnits,Scrypt,TRUE,PoW/PoS,3472983,13000000
GAKHcoin,Scrypt,TRUE,PoW/PoS,3315789,3315789
S88 Coin,Scrypt,TRUE,PoW/PoS,,520000000
Allsafe,Quark,TRUE,PoS,10517772.7391666,15000000
LiteCreed,QuBit,TRUE,PoW/PoS,30227750,78835200
ProCoin,X15,TRUE,PoW/PoS,,6000000
Astral,X13,TRUE,PoW/PoS,,37875500
GiftNet,X13,TRUE,PoW,,6750000
PureVidz,PoS,TRUE,PoS,,125000000
Incrementum,PoS,TRUE,PoS,,1300000
PentaCoin,SHA-256,TRUE,PoW/PoS,,1311955
AcidCoin,SHA-256,TRUE,PoW,,4500000000
ReturnCoin,X11,TRUE,PoS,,250000000
TwisterCoin,X11,TRUE,PoW/PoS,,3195000
PayPeer,X11,TRUE,PoW/PoS,,50000000000
LeninCoin,SHA-256D,TRUE,PoW,,100000000
MrsaCoin,X13,TRUE,PoW/PoS,,2100000000
OsmiumCoin,Scrypt,TRUE,PoW,894026,2714286
Bikercoins,CryptoNight,TRUE,PoW,9357088,25000000
CryptoPennies,X11,TRUE,PoS,,1593.15
NeptuneClassic,X11,TRUE,PoW/PoS,0,250000000
HexxCoin,Lyra2RE,TRUE,PoW,1876146.443596,9999999
Ghost Coin,SHA-256,TRUE,PoW/PoS,,2270000
MachineCoin,Time Travel,TRUE,PoW,,35000000
SelenCoin,PoS,TRUE,PoS,,159680000
Noocoin,PoS,TRUE,PoS,,25000000
23 Skidoo,SHA-256D,TRUE,PoW,,23
GoldenBird,X13,TRUE,PoW/PoS,0,450000000
YamahaCoin,Scrypt,TRUE,PoW,,315000000
JokerCoin,Scrypt,TRUE,PoW/PoS,,5000000000
GravityBit,Scrypt,TRUE,PoW/PoS,,5333000
TeCoin,Multiple,TRUE,PoW,,469521976
BombCoin,Scrypt,TRUE,PoW/PoS,,4516129032
Ride My Car,PoS,TRUE,PoS,0,100000000
Klingon Empire Darsek,Scrypt,TRUE,PoW/PoS,23965372,500000000
Internet of People,SHA-256,TRUE,PoW/PoS,2526078.47525448,21000000
Elysium,Scrypt,TRUE,PoW,,18000000
KushCoin,X11,TRUE,PoW/PoS,5659096.95728771,9354000
Eryllium,X11,TRUE,PoW/PoS,0,100000000
Opes,Argon2,TRUE,PoW,,52000000
Ratio,PoS,TRUE,PoS,,100000000
SmurfCoin,Scrypt,TRUE,PoW/PoS,,2500000000
TechCoin,X13,TRUE,PoW/PoS,,300000
CircuitCoin,SHA-256D,TRUE,PoW/PoS,,3125000000
LePenCoin,SHA-256,TRUE,PoS,,1000000000
MarxCoin,X11,TRUE,PoW,0,100640000
HazeCoin,Scrypt,TRUE,PoW,,25000000
Printerium,Scrypt,TRUE,PoW/PoS,11821728,20000000
PacCoin,X11,TRUE,PoW,536982074,100000000000
Impeach,Scrypt,TRUE,PoW/PoS,308179,21933333
ErrorCoin,Scrypt,TRUE,PoW,,81000000
TrueInvestmentCoin,Scrypt,TRUE,PoW/PoS,,53200000
NukeCoin,PoS,TRUE,PoS,,2778196
Solarflarecoin,Scrypt,TRUE,PoW,0,20000000
JaneCoin,X11,TRUE,PoW/PoS,,2100000000
ParanoiaCoin,Scrypt,TRUE,PoW,,72000000
MasterMint,X11,TRUE,PoS,,1500000000
Citadel,CryptoNight-V7,TRUE,PoW,10969318.522954,185000000
Zilbercoin,Scrypt,TRUE,PoS,2922613.96424908,55000000
FirstCoin,Scrypt,TRUE,PoW/PoS ,110000000,110000000
OroCoin,Scrypt,TRUE,PoW,,23529412
Alexandrite,SHA-256,TRUE,PoW/PoS,,1268000
TrashBurn,SHA-256D,TRUE,PoS,,9000000
MasterCar,Scrypt,TRUE,PoW/PoS,,2991837
TechShares,DPoS,TRUE,DPoS,,600000000
AcesCoin,X13,TRUE,PoS,,100000000
United Arab Emirates Coin,X11,FALSE,PoW/PoS,,10000000
EagleCoin,SHA-256,TRUE,PoW,,40000000
CreativeChain,Keccak,TRUE,PoW,0,115000000
BeaverCoin,Scrypt,TRUE,PoW,3115258,3360000
FindCoin,X13,TRUE,PoS,14524851.4827,14524851.4827
MeLite,SHA-256D,TRUE,PoW/PoS,,1.000.000
StalinCoin,X11,TRUE,PoW/PoS,,3000000000
TattooCoin,Scrypt,TRUE,PoW/PoS,,500000000
VaultCoin,X11,TRUE,PoW,30385540,1000000000
BioBar,SHA-256D,TRUE,PoW/PoS,,60000000
Zero,Equihash,TRUE,PoW,6921653.89980891,17000000
OpenChat,Scrypt,TRUE,PoW/PoS,1000000000,1000000000
Canada eCoin,Scrypt,TRUE,PoW,99843408.3158479,100000000
Zoin,Lyra2RE,TRUE,PoW,18545757.5,21000000
Honey,Blake2S,TRUE,PoW/PoS,,7000000
MartexCoin,X13,TRUE, PoW/PoS,,5000000
Musicoin,Ethash,TRUE,PoW,0,454898394
BitVegan,PoS,TRUE,PoS,,600000000
Mbitbooks,Scrypt,TRUE,PoW,,81000000
Zennies,Scrypt,TRUE,PoS,,1000000000
PlanetCoin,Scrypt,TRUE,PoW/PoS,,1000000
DuckDuckCoin,Scrypt,TRUE,PoW,,121
BnrtxCoin,X11,TRUE,PoW,0,210000000
RenosCoin,Scrypt,TRUE,PoS,36050365,34426423
DubaiCoin,Dagger-Hashimoto,TRUE,PoW,2232901,2232901
VirtacoinPlus,X11,TRUE,PoW/PoS,13162749.0858027,100000000
Doubloon,536,TRUE,PoW/PoS,,500000000
TajCoin,Blake2S,TRUE,PoW/PoS,12184195.9258495,36900000
Impact,X11,TRUE,PoW/PoS,110630387.850471,110000000
CryptoJournal,PoS,TRUE,PoS,,100000000
Amygws,Scrypt,TRUE,PoW,,23333333
Cubits,SHA-256,TRUE,PoW/PoS,,300000000
EB3coin,Scrypt,TRUE,PoW,64096052,4000000000
The Vegan Initiative,PoS,TRUE,PoS,,50000000
Aptcoin,Scrypt-n,TRUE,PoW,,42000000
BlazerCoin,Scrypt,TRUE,PoW,,294336000
Universe,Scrypt,TRUE,PoS,0,112000000
ECOcoin,Scrypt,TRUE,PoW/PoS,,10733333
Dark,SHA-256,TRUE,PoW/PoS,,12800000
DonationCoin,Scrypt,TRUE,PoW,,90000000
Atmos,PoS,TRUE,PoS,111135836.889,110290030
HappyCoin,X11,TRUE,PoW/PoS,21521322.0099142,100000000
Coinonat,NIST5,TRUE,PoW,10123200,48252000
MacronCoin,PoS,TRUE,PoS,401421401,400000000
Condensate,X11,TRUE,PoW/PoS,121665451.643876,500000000
IvugeoEvolutionCoin,Scrypt,TRUE,PoW,,100000000
Independent Money System,Scrypt,TRUE,PoW/PoS,5368934,21212121
ArgusCoin,Scrypt,TRUE,PoW/PoS,1148324,28600000
LomoCoin,Scrypt,TRUE,PoW/PoS,500000,1000000000
Bitcoin Scrypt,Scrypt,TRUE,PoW,0,21000000
ProCurrency,SHA-256,TRUE,PoS,100545745,75000000000
GoldReserve,X11,TRUE,PoW/PoS,17171382,40000000
BenjiRolls,Scrypt,TRUE,PoW,20276099.146524,35520400
ParallelCoin,Scrypt,TRUE,PoW,0,1000000
GrowthCoin,Scrypt,TRUE,PoS,295135466.361878,2000000000
ILCoin,SHA-256,TRUE,PoW,1317747500,2500000000
Prizm,SHA-256,TRUE,PoS,,600000000000000
Phreak,PoS,TRUE,PoS,11390225.9742772,30000000
PupaCoin,Blake2S,TRUE,PoW/PoS,,3500000000
RiceCoin,X13,TRUE,PoW/PoS,,10000000
C-Bits,SHA-256,TRUE,PoW,,210000000
Degas Coin,Scrypt,TRUE,PoW/PoS,21358764,105000000
ZSEcoin,X11,TRUE,PoW/PoS,0,2093500000
TappingCoin,X11,TRUE,PoW/PoS,,5000000000
MilkCoin,SHA-256,TRUE,PoW/PoS ,,4500000000
Infinium-8,CryptoNight,FALSE,PoW,,0
HTML5 Coin,X15,TRUE,PoW/PoS,40659020000,90000000000
Subscriptio,PoS,TRUE,PoS,,10000000
Ultimate Secure Cash,SHA-256,TRUE,PoS,10343113,200084200
DuxCoin,Scrypt,TRUE,PoW/PoS,,1680000000
PoisonIvyCoin,Scrypt,TRUE,PoW/PoS,,4666666667
EquiTrader,Scrypt,TRUE,PoW,13673406.4325268,72000000
Manet Coin,Scrypt,TRUE,PoW/PoS,,215000000
HamsterCoin,Scrypt,TRUE,PoW,,20000000
QTUM,POS 3.0,TRUE,PoS,100000000,100000000
NefariousCoin,Scrypt,TRUE,PoW/PoS,,4835000000
Quantum Resistant Ledger,CryptoNight-V7,TRUE,PoW,69036016.8340164,105000000
Espers,536,TRUE,PoW/PoS,22801882871,50000000000
Dynamic,Argon2d,TRUE,PoW,19784224.6512734,0
Nano,Blake2b,TRUE,PoW,133248297,340282367
ChanCoin,Cloverhash,TRUE,PoW,18407259.0885883,30000000
Dinastycoin,CryptoNight,TRUE,PoW,1809467143,2000000000
Denarius,NIST5,TRUE,PoW/PoS,4171382,10000000
DigitalPrice,X11,TRUE,PoW,35138975,100000000
Virta Unique Coin,NIST5,TRUE,PoW/PoS,62942075,120000000
Bitcoin Planet,Skein,TRUE,PoW/PoS,6804362,100000000
Unify,Scrypt,TRUE,PoW,18133195,19276800
BritCoin,X13,TRUE,PoW/PoS,21268092,30000000
SocialCoin,Scrypt,TRUE,PoW,5167775,75000000
Octanox,X11,TRUE,PoW/PoS,0,7905634
ArcticCoin,X11,TRUE,PoW,26042364.3735553,60000000
Bogcoin,SHA-256,TRUE,PoW,,21212121
BeachCoin,X11,TRUE,PoW,,21000000
DAS,X11,TRUE,PoW,2622886,18900000
Linda,Scrypt,TRUE,PoW/PoS,9044930943.24243,50000000000
LeviarCoin,CryptoNight,TRUE,PoW,14161803,54000000
DeepOnion,X13,TRUE,PoW/PoS,21917018.0492836,18898187.6216583
Bitcore,Time Travel,TRUE,PoW,17801865.1605478,21000000
gCn Coin,Scrypt,TRUE,PoW,163055097500,200000000000
SmartCash,Keccak,TRUE,PoW,2241009149.22257,5000000000
Signatum,SkunkHash v2 Raptor,TRUE,PoS,107972766,137500000
Onix,X11,TRUE,PoW,122475638.389743,1100000000
Wink,PoS,TRUE,PoS,,80000000
Cream,Skein,TRUE,PoW/PoS,47331802.4774238,100000000
Bitcoin Cash,SHA-256,TRUE,PoW,17995589.6469082,21000000
Bitmxittz,Scrypt,FALSE,PoW/PoS,,10000
Monoeci,X11,TRUE,PoW/PoS,12569262.5359307,9507271
CampusCoin,Scrypt,TRUE,PoW,0,1010000000
Draftcoin,Scrypt,TRUE,PoS,18663297.3489799,17405891.19707120
Vechain,VeChainThor Authority,TRUE,Proof of Authority,55454734800,86712634466
Sojourn Coin,Scrypt,TRUE,PoW,485214,10500000000
Stakecoin,PoS,TRUE,PoS,4000000,61599965
NewYorkCoin,Scrypt,TRUE,PoW,143006669741.687,0
LiteBitcoin,Scrypt,TRUE,PoW,0,1000000000
FrazCoin,Scrypt,TRUE,PoW,9704042,20000000
Kronecoin,Scrypt,TRUE,PoW,17453749.4042601,84000000
AdCoin,Scrypt,TRUE,PoW,32646731.063036,100000000
Linx,Scrypt,TRUE,PoW,33716526,100000000
CoinonatX,Scrypt,TRUE,PoW/PoS,19539588,48252000
BlakeStar,Blake2S,TRUE,PoW/PoS,,2400000000
Ethereum Dark,Scrypt,TRUE,PoW/PoS,4200000,4200000
Sumokoin,CryptoNight,TRUE,PoW,8946653,88888888
Obsidian,SHA-512,TRUE,PoS,25000000,91388946
Cardano,Ouroboros,TRUE,PoS,25927070538,45000000000
Regalcoin,X11,TRUE,PoW/PoS,7262402.04264803,27000000
BitcoinZ,Equihash,TRUE,PoW,5211553258.01514,21000000000
NetM,Scrypt,TRUE,PoW,,101318932073.89800
TrezarCoin,NeoScrypt,TRUE,PoW/PoS,182638400,400000000
Elements,X11,TRUE,PoW,2702855668.85288,1800000000
TerraNovaCoin,Scrypt,TRUE,PoW/PoS,1140734.91680375,15733333
VIVO Coin,NeoScrypt,TRUE,PoW,4165967.57499639,27000000
RG Coin,NIST5,TRUE,PoW/PoS,,300000000
Rupee,Lyra2REv2,TRUE,PoS,24000000,24000000
Bitcoin Gold,Equihash,TRUE,PoW,17202361.088994,21000000
WomenCoin,Scrypt,TRUE,PoW/PoS,48459472454,25000000000
Theresa May Coin,SHA-256,TRUE,PoW/PoS,92050800,100000000
Eddie coin,Scrypt,TRUE,PoW/PoS,,1000000000
NamoCoin,NIST5,TRUE,PoW/PoS,560563220,1200000000
LUXCoin,PHI1612,TRUE,PoW/PoS,8305775.31777569,60000000
Pirl,Dagger,TRUE,PoW,33986980,156306732.71
Xios,Scrypt,TRUE,PoW/PoS,2149688,21000000
Bitcloud 2.0,Quark,TRUE,PoW/PoS,30711550.5294042,200000000
eBoost,Scrypt,TRUE,PoW,99990001.493466,100000000
KekCoin,POS 2.0,TRUE,PoS,12330806.30517,21000000
BlackholeCoin,Scrypt,TRUE,PoW/PoS,16362544.992,14788275.991
AltCommunity Coin,SkunkHash,TRUE,PoW/PoS,0,5000000
Pure,X11,TRUE,PoW/PoS,0,3686860
Rupaya,Quark,TRUE,PoS,0,75000000
Infinity Economics,SHA-256,TRUE,PoS,8999999990,9000000000
Huncoin,X13,FALSE,PoW,,86400000
MadCoin,Scrypt,TRUE,PoW,,10000000
Pura,X11,TRUE,PoW,175215859,350000000
Innova,NeoScrypt,TRUE,PoW,6375259.04,45000000
Bitdeal,Scrypt,TRUE,PoW,0,300000000
WiserCoin,Scrypt,FALSE,PoW,,22105263
Masari,CryptoNight,TRUE,PoW,,18500000
Ellaism,Ethash,TRUE,PoW,12756367,280000000
Sakuracoin,Scrypt,TRUE,PoW,0,105100000
Interstellar Holdings,Scrypt,FALSE,PoS,0,1970000000
GoByte,NeoScrypt,TRUE,PoW,5832306.875,31800000
Castle,Quark,TRUE,DPoS,0,50000000
Insta Cash Coin,SHA-256,FALSE,PoW,0,300000000
Alqo,Quark,FALSE,PoW/PoS,65269530.104519,57879300
KingN Coin,Scrypt,FALSE,PoW/PoS,,420000
Magnet,X11,TRUE,PoW/PoS,38198594.8342105,144000000
Lamden Tau,DPoS,TRUE,DPoS,288090567.493887,500000000
Electra,NIST5,TRUE,PoW/PoS,28399150208,30000000000
Bitcoin Diamond,X13,TRUE,PoW/PoS,183534024.889807,210000000
Votecoin,Equihash,TRUE,PoW,,220000000
SHIELD,Multiple,TRUE,PoW,481730566.566176,660000000
BridgeCoin,Scrypt,FALSE,PoW,0,27000000
Desire,NeoScrypt,TRUE,PoW,,22000000
Mutual Coin,Scrypt,FALSE,PoW/PoS,0,1000000000
Cash & Back Coin,Scrypt,TRUE,PoW/PoS,110976977.29338,210000000
UltraNote,CryptoNight,TRUE,PoW,19281821413.4924,85000000000
People,Scrypt,TRUE,PoW,,7500000000
Achain,DPoS,TRUE,DPoS,,1000000000
Neuro,SHA-256,FALSE,PoW/PoS,,20000000
Social Send,Quark,TRUE,PoW/PoS,,150000000
BitCoal,CryptoNight,TRUE,PoW,4500000,12500000
DaxxCoin,Ethash,TRUE,PoW,520891780,10000000000
Bulwark,NIST5,TRUE,PoS,13247178.8807286,27716121
BoxyCoin,Scrypt,FALSE,PoW,5761512.8103491,100000000
Super Bitcoin,SHA-256,TRUE,PoW,,21210000
Kalkulus,Quark,TRUE,PoS,16955764.902064,20000000
AC3,X11,TRUE,PoW,80316207,550000000
CHIPS,SHA-256,TRUE,PoW,0,21000000
Lethean,CryptoNight-V7,TRUE,PoW,441250233.377,999481516
GermanCoin,Scrypt,TRUE,PoW/PoS,4911500269.41,50000000000
LiteCoin Ultra,Scrypt,TRUE,PoW/PoS,8419402.321,150000000
Straks,Lyra2REv2,TRUE,PoW,,150000000
PopularCoin,Scrypt,TRUE,PoW,3964201248.87125,4999999999
PhantomX,X11,TRUE,PoW/PoS,45174214.1078625,50000000
HomeBlockCoin,X11,FALSE,PoW/PoS,0,28000000
HTML Coin,SHA-256,TRUE,PoW/PoS,0,90000000000
Photon,BLAKE256,TRUE,PoW,30089671530.5228,90000000000
Sucre,X11,TRUE,PoW,4229040.50393462,19800000
Accolade,Scrypt,FALSE,PoW/PoS,5573908,50000000
CompuCoin,Scrypt,TRUE,PoW,,35000000
Fantasy Cash,Scrypt,TRUE,PoW/PoS,0,4600000
OmiseGO Classic,Scrypt,FALSE,PoW/PoS,49933217.7511508,70000000
Galactrum,Lyra2REv2,TRUE,PoW/PoS,,26280000
SparksPay,NeoScrypt,TRUE,PoW,7847417.33355824,21000000
GoaCoin,NeoScrypt,FALSE,PoW,3982139.24553469,32000000
Digiwage,Quark,TRUE,PoS,27299680,120000000
GunCoin,NeoScrypt,TRUE,PoW,299797953,500000000
PolisPay,X11,TRUE,PoW,,25000000
IrishCoin,Scrypt,TRUE,PoW,45483049.3398182,64000000
Trollcoin,Scrypt,TRUE,PoW/PoS,591022748,900000000
Litecoin Plus,Scrypt,TRUE,PoW/PoS,2504486.227718,4000000
TheGCCcoin,X13,TRUE,PoW/PoS,,2400000000
Monkey Project,X11,TRUE,PoS,4407252,21000000
KZCash,X11,TRUE,PoW,,18000000
World Crypto Gold,SHA-256,TRUE,Proof of Stake,,900000000
ECC,Scrypt,FALSE,PoS,25000000000,25000000000
Steneum Coin,Scrypt,TRUE,PoW,,20000000
Pioneer Coin,X11,TRUE,PoW,8478104.33969947,23000000
UnitedBitcoin,SHA-256,TRUE,PoW,20166000,20166000
Interzone,C11,TRUE,PoW,11916588.09471,23000000
Black Pearl Coin,X13,TRUE,PoW/PoS,,50000000
Sigil,NeoScrypt,FALSE,PoW,0,50000000
OP Coin,Scrypt,TRUE,PoW/PoS,0,2000000000
Shacoin,SHA-256,TRUE,PoS,,350000000
BitWhite,DPoS,TRUE,DPoS,,60000000
Croat,CryptoNight,TRUE,PoW,,100467441
Valorbit,Scrypt,TRUE,PoW/PoS,0,92233720000000000
TokenPay,POS 3.0,TRUE,PoS,20445861.5344251,25000000
Crave-NG,SHA-256,TRUE,PoS,,1000000000
1717 Masonic Commemorative Token,Ethash,TRUE,PoS,1618033,1618033
Crypto Wisdom Coin,Scrypt,FALSE,PoW,17630550.2128923,24000000
My Big Coin,Scrypt,TRUE,PoW and PoS,9399342.52839847,30000000
WorldBTC,Scrypt,FALSE,PoW/PoS,,210000000
TurtleCoin,CryptoNight,TRUE,PoW,53139835213.77,1000000000000
NeedleCoin,X11,FALSE,PoS/PoW,,120000000
MUNcoin,SkunkHash,TRUE,PoW,4818338.98949984,16600000
Unified Society USDEX,Scrypt,TRUE,PoW/PoS,234846265.782157,232000000
Bitcoin Atom,SHA-256,TRUE,PoW/PoS,,21000000
SegWit2x,X11,TRUE,PoW/PoS,,21000000
Niobio Cash,CryptoNight,TRUE,PoW,133932467.774108,336000000
Scooby coin,Scrypt,TRUE,PoW/PoS,,21000000
BunnyCoin,Scrypt,TRUE,PoW,,100000000000
BitSoar Coin,X11,FALSE,PoS,3680297312.25584,3980000000
Pirate Blocks,X11,TRUE,PoW/PoS,,240000000
Bitcoin Private,Equihash,TRUE,PoW,0,21000000
Skeincoin,Skein,TRUE,PoW,0,17000000
Karma,Groestl,TRUE,PoS,,3000000000
Bitcoin Candy,Equihash,TRUE,PoW,,21000000000
ShareChain,Scrypt,TRUE,PoW,10000000000,10000000000
Credence Coin,SHA-256,FALSE,PoW/PoS,3427006,25000000
Travelflex,Dagger,TRUE,PoW,107325266.027783,100000000
KREDS,Lyra2REv2,TRUE,PoW,643795911.540095,1100000000
Vulcano,NIST5,TRUE,PoS/PoW,,421126225
Tokyo Coin,X13,TRUE,PoS,230298925,800000000
BiblePay,Proof-of-BibleHash,TRUE,POBh,1772091549.88818,5200000000
LitecoinCash,SHA-256 + Hive,TRUE,PoW + Hive,638382332.208514,840000000
BitFlip,Scrypt,TRUE,PoW,12446100.00278,40000000
LottoCoin,Scrypt,TRUE,PoW,14491014421,18406979840
Cypherfunks Coin,Scrypt,TRUE,PoW,,49275000000
LeafCoin,Scrypt,TRUE,PoW,0,21000000000
BashCoin,Skein,FALSE,PoW/PoS,11661844.4720073,72000000
DigiMoney,X11,FALSE,PoW/PoS,3521630,25000000
Cerberus,NeoScrypt,TRUE,PoW,0,31500000
Bitcoin Hush,Equihash,TRUE,PoW,0,21000000
Lizus Payment,Skein,FALSE,PoW/PoS,2985970.9999482,69000000
Crypto Improvement Fund,X11,TRUE,PoW,211297638.500483,500000000
Stipend,C11,TRUE,PoW/PoS,11251342.1879021,19340594
Poa Network,Proof-of-Authority,TRUE,PoA,204479039,252460800
Pushi,X11,TRUE,PoW/PoS,2167827.1,25000000
PokerCoin,Scrypt,FALSE,PoS/PoW,0,466666667
Ellerium,XEVAN,TRUE,PoW/PoS,419275.38,60000000
Velox,Scrypt,TRUE,PoS,25570013.1348022,124000000
Ontology,VBFT,TRUE,PoS,650848625,1000000000
Callisto Network,Ethash,TRUE,PoW,247612453,6500000000
Curium,X11,TRUE,PoW,0,22000000
Elicoin,YescryptR16,TRUE,PoW,,10000000
BitTube,CryptoNight,TRUE,PoW,80049082.9057215,1000000000
Dinero,NeoScrypt,TRUE,PoW,0,100000000
Poseidon,Scrypt,TRUE,PoW,4070212.1493016,21000000
Lelecoin,Curve25519,TRUE,PoS,,1000000000
Akroma,Ethash,TRUE,PoW,,100000000
Manna,SHA-256,FALSE,PoW,2360478328.70966,10044655075.56240000
Aidos Kuneen,IMesh,TRUE,PoW,25000000,25000000
Seraph,PHI1612,FALSE,PoW/PoS,1360250,32000000
AfterEther,Ethash,FALSE,PoW,,200000000
Cosmo,Quark,FALSE,PoW,8928876.68577239,11892000
Reden,X16S,FALSE,PoW,0,14000000
TulipCoin,Scrypt,TRUE,PoW/PoS,,5250000000
Bitspace,NIST5,TRUE,PoW/PoS,13787854.6277781,50000000
Fonero,PHI1612,TRUE,PoW,,18400000
Snowgem,Equihash,TRUE,PoW,0,84096000
CavatCoin,DPoS,FALSE,DPoS,,21000000
Stellite,CryptoNight,FALSE,PoW,,21000000000
Briacoin,Scrypt,TRUE,PoW/PoS,845637.81347436,3000000
Ignition,Scrypt,TRUE,PoW/PoS,1182153.5,5000000
MoneyBag,X11,FALSE,PoS,,50000000
Bitrolium,Equihash,TRUE,PoW,71355477,70000000
Bitcoin Interest,Equihash,TRUE,PoW,0,22300000
MedicCoin,Scrypt,TRUE,PoS,267297676.3125,500000000
FOLM coin,PHI1612,FALSE,PoW,0,23001916
Alpenschillling,Lyra2Z,TRUE,PoW,27340501.6514783,300000000
Zelcash,Equihash,TRUE,PoW/PoS,0,210000000
Bitcoin Green,Green Protocol,TRUE,PoS,9803691.3618195,21000000
Deviant Coin,PoS,TRUE,PoS,21876586.8530324,88000000
Abjcoin,Scrypt,TRUE,PoW/PoS,9880502.37178894,30000000
Rapture,NeoScrypt,FALSE,PoW,4478901.29233779,21000000
Animecoin,Quark,TRUE,PoW,,1976000000
Profit Hunters Coin,Scrypt,TRUE,PoW/PoS,0,100000000
Semux,Semux BFT consensus,TRUE,DPoS,1231147,100000000
BitBlocks,Scrypt,TRUE,PoW/PoS,0,500000000
Uwezocoin,Scrypt,FALSE,PoW,0,840000000
FuturoCoin,X11,TRUE,PoW,31801461.1867843,100000000
Carebit,Quark,TRUE,PoW/PoS,139739596.506702,200000000
Zealium,PoS,TRUE,PoS,11075254.0929996,80000000
Monero Classic,CryptoNight,TRUE,PoW,16016864,18400000
FedoraCoin,Scrypt,TRUE,PoW,,500000000000
Charm Coin,NeoScrypt,TRUE,PoW,,250000000
Proton,X16R,TRUE,PoS,4403800,45000000
Dero,CryptoNight,TRUE,PoW,,18400000
iDealCash,Scrypt,TRUE,PoW/PoS,1404157529.46026,5121951220
Jumpcoin,NIST5,TRUE,PoW,21069346.2522598,21000000
Infinex,Lyra2RE,TRUE,PoW,5097689.71077377,26280000
Bitcoin Incognito,XEVAN,TRUE,PoS/PoW,10904963.0923455,21000000
KEYCO,Tribus,TRUE,PoW,795447,18000000
SABR Coin,Scrypt,TRUE,PoW/PoS,,133100000
HollyWoodCoin,Scrypt,TRUE,PoS,38706809.466535,26000000
GINcoin,Lyra2Z,TRUE,PoW,6986399.70430446,10500000
MoneroV,CryptoNight,TRUE,PoW,,256000000
Parlay,Scrypt,FALSE,PoS,3783270,30000000
Listerclassic Coin,Scrypt,FALSE,PoW/PoS,8094818.38874615,110000000
Amero,NeoScrypt,TRUE,PoW/PoS,,15000000
PlatinCoin,CryptoNight,TRUE,PoW,84300,600000518
BetKings,X11,FALSE,PoS,11359634.6460345,8148139
Cognitio,SHA-256D,FALSE,PoW/PoS,658584.46163633,7500000
BitCOEN,SHA-256,TRUE,Limited Confidence Proof-of-Activity ,,100000000
Loki,CryptoNight Heavy,TRUE,PoW,19153632,150000000
Newton Coin,CryptoNight,TRUE,PoW,41294520017,184000000000
Staxcoin,Scrypt,TRUE,PoW/PoS,,43500000
Mercoin,Scrypt,FALSE,PoW/PoS,25330252.323,100000000
Swisscoin,Scrypt,TRUE,PoW/PoS,10200000000,10200000000
ExchangeCoin,Equihash,FALSE,PoW,0,32000000
Reliance,X11,FALSE,PoS,7256580,62000000
BitcoiNote,CryptoNight,TRUE,PoW,,21000000
Xt3ch,Scrypt,TRUE,PoS,7630000.0154,44000000
MassGrid,Jump Consistent Hash,TRUE,PoW,135862416.039898,168000000
TheVig,SHA-256D,TRUE,PoW/PoS,33238183.7225834,100000000
PluraCoin,CryptoNight,TRUE,PoW,560085952.404637,1000000000
EmaratCoin,Scrypt,TRUE,PoW/PoS,21599339.6728,84000000
XtendCash,Wild Keccak,FALSE,PoW,,100000000
Rover Coin,X11,TRUE,PoW/PoS,,60000000
LitecoinPro,Scrypt,TRUE,PoW,,17500000
Dekado,X15,TRUE,PoS,30284196.369129,90000000
Lynx,Scrypt,TRUE,HPoW,77872059787.8998,92000000000
Poseidon Quark,Quark,TRUE,PoS,2716264.95302831,650000000
MYCE,Scrypt,FALSE,PoW/PoS,63613903.880998,250000000
Arionum,SHA-512,FALSE,PoW,60045900,545399000
BitcoinWSpectrum,SHA-256,TRUE,PoS,57811001.000889,100262205
Bitcoin Core,SHA-256,TRUE,PoW,,21000000
GolfCoin,SHA-256D,FALSE,PoW/PoS,0,1713134800
Muse,DPoS,TRUE,PoS,18194936,18081806
Motion,X16R,TRUE,PoW,8125865.02097646,22075700
PlusOneCoin,HMQ1725,TRUE,PoW,8645406.16776286,21000000
Axe,X11,TRUE,PoW,4993030.69736615,21000000
GambleCoin,Scrypt,FALSE,PoS,8240763.49472804,15600000
Trivechain,X16R,TRUE,PoW/PoS,36923120.6205934,82546564
Dystem,Quark,TRUE,PoS,7082392.24744494,21000000
Giant,Quark,TRUE,PoW/PoS,5919489.76813523,5151000
Peony Coin,Scrypt,TRUE,PoS,1042012.45227735,16880000000
SafeCoin,Zhash,TRUE,PoW/PoS,0,36000000
Absolute Coin,Lyra2REv2,TRUE,PoW/PoS,13332617.9413708,52500000
Vitae,Quark,TRUE,PoS,66053877.6256106,100000000
Bitcoin Supreme,Scrypt,TRUE,PoS,,21000000
GenesisX,XEVAN,FALSE,PoS,0,19000000
BitminerCoin,CryptoNight,FALSE,PoW,0,50000000
HexCoin,Scrypt,TRUE,PoW,1416663.06600024,22105263
Deimos,Scrypt,FALSE,PoW,269143950.637501,1000000000
TPCash,Scrypt,TRUE,PoW/PoS,5403802.49590733,1000000000
Oyster Platform,X11,FALSE,PoS,,25000000
Webchain,CryptoNight-V7,TRUE,PoW,15580199.3087496,1750000000
Ryo,Cryptonight-GPU,TRUE,PoW,4890897,88188888
MUSDcoin,Scrypt,TRUE,PoW/PoS,0,100000000
Urals Coin,XEVAN,TRUE,PoW,14746153.0962884,210000000
Qwertycoin,CryptoNight Heavy,TRUE,PoW,99553110528.8022,184470000000
Bitcoin Nova,CryptoNight,FALSE,PoW,484454200,1000000000
ARENON,X11,TRUE,PoS,19269509.94,55000000
DACash,X11,FALSE,PoW,26709236.7607446,50000000
EUNO,X11,TRUE,PoW/PoS,30771125.9760867,50000000
MMOCoin,Scrypt,TRUE,PoS,107763867.917675,260000000
DasCoin,DPoS,TRUE,DPoS,,8589934592
Ketan,PoS,TRUE,PoS,9327131.59708692,210000000
NIX,Lyra2REv2,TRUE,PoW,0,175000000
Italocoin,CryptoNight Heavy,FALSE,PoW,,18446744
Safe Trade Coin,Scrypt,TRUE,PoS,0,840000000
Project Pai,SHA-256,TRUE,PoW,2100000000,2100000000
Mont Blanc,Scrypt,TRUE,PoS,0,70000000
XDNA,Keccak,TRUE,PoW/PoS,4672513.84432375,366000000
PAXEX,X11,TRUE,PoS,4504639,100000000
Ditcoin,CryptoNight,TRUE,PoW,,37000000
Azart,X11,TRUE,PoW,5015881.37315389,25000000
Averopay,Tribus,FALSE,PoW/PoS,1859475.60962,36500000
Apollon,Quark,TRUE,PoW/PoS,0,250000000
ThunderStake,Scrypt,TRUE,PoW/PoS,1059954080.43439,18000000000
SimpleBank,NeoScrypt,FALSE,PoW/PoS,2381470.97805063,21000000
Harvest Masternode Coin,Scrypt,TRUE,PoW/PoS,,10000000
Kcash,SHA-512,TRUE,Zero-Knowledge Proof,1000000000,1000000000
Xchange,X16R,TRUE,PoW,9753753.61515394,100000000
Acute Angle Cloud,ECC 256K1,TRUE,DPOS,1000000000,1000000000
StarKST,Scrypt,TRUE,PoW,,6000000000
Aukcecoin,Scrypt,TRUE,PoW/PoS,,80000000
Plancoin,Scrypt,TRUE,PoW/PoS,,35000000
Traid,NeoScrypt,TRUE,PoW/PoS,0,252000000
Teachers Blockchain,Scrypt,TRUE,PoW,,160000000
MIODIOCOIN,Scrypt,TRUE,PoW,,80000000
Lightpaycoin,Quark,TRUE,PoS,,21000000
Hanacoin,Lyra2REv2,FALSE,PoW,,122500000
Bitvote,CryptoNight,TRUE,PoW/PoS,,21000000
CrypticCoin,Equihash,TRUE,PoW,4235111504,7600000000
Bettex coin,XEVAN,TRUE,PoS,6787405.18013774,50000000
ZestCoin,Quark,TRUE,PoW,0,29300000
X-CASH,CryptoNight Heavy X,TRUE,PoW,0,100000000000
Brazio,HMQ1725,FALSE,PoW,75579791.7052214,207000000
Actinium,Lyra2Z,TRUE,PoW,13634850,84000000
Litecoinz,Equihash,TRUE,PoW,,84000000
ETHER-1,Ethash,TRUE,PoW,0,13666237
TWIST,SHA-512,FALSE,PoS,200000000,200000000
MicroBitcoin,Rainforest,TRUE,PoW,,210000000000
FOREXCOIN,Scrypt,TRUE,PoW,,1000000000
Bitcoin SV,SHA-256,TRUE,PoW,17992514.6469233,21000000
DACH Coin,Quark,FALSE,PoS,14303114.6740944,38000000
Argoneum,PHI1612,FALSE,PoW,13969583.3757376,64000000
2Acoin,CryptoNight-V7,FALSE,PoW,,17910000
BitMoney,XEVAN,TRUE,Pos,208515864.367343,70000000000
Bitcoiin2Gen,Ethash,TRUE,PoW,0,100000000
Auxilium,Keccak,FALSE,PoA,,300000000
Junson Ming Chan Coin,X11,TRUE,PoS,17209923728.3266,0
FREDEnergy,CryptoNight,TRUE,PoW,1867054873.28397,8080000000
Zenad,Quark,TRUE,POS / MN,0,46000000
Ngin,M00N,FALSE,PoW,,360000000
Genesis Network,Equihash,TRUE,PoW,,4100000000
Vertical,Lyra2Z,TRUE,PoW,,35000000
C25 Coin,SkunkHash,TRUE,PoW,0,6100000
HerbCoin,Quark,TRUE,PoW/PoS,35312185.7437239,54000000
Aquachain,Argon2,TRUE,PoW,0,42000000
BlakeBitcoin,Blake,FALSE,PoW,20595483.8480416,21000000
Universal Molecule,Blake,TRUE,PoW,1578281.31341127,105120001.44
Lithium,Blake,TRUE,PoW,15846721.2482747,25228800
Electron,Blake,FALSE,PoW,24156921.9868023,7000000000
Xeonbit,CryptoNight,TRUE,PoW,,18400000
Smart Bitcoin,SHA-256,TRUE,PoW,0,20999764
PirateCash,Equihash,TRUE,PoS,13475920,105000000
Exosis,Exosis,TRUE,PoW,406091.925,21000000
Block-Logic,Scrypt,TRUE,PoW,35284717.173946,120000000
MIMI Money,CryptoNight,FALSE,PoW,,1000000000000000000
Oduwa,Scrypt,TRUE,PoW/PoS,14777549.3940764,21000000
Beam,Equihash,TRUE,PoW,35687520,262800000
Galilel,Quark,TRUE,PoW/PoS,18265011.2486006,19035999
Zaddex,Equihash,FALSE,PoW,,210000000
Bithereum,Equihash,TRUE,PoW,25150787.5,30886000
ArQmA,CryptoNight-lite,TRUE,PoW,,50000000
Amoveo,SHA-256,TRUE,PoW,,0
Crypto Sports,Quark,TRUE,PoS,1934701.67524713,13370000
Credit,Scrypt,TRUE,PoW/PoS,30825710000.0296,74800000000
Scribe Network,Lyra2REv2,FALSE,PoW,6040583.72997153,32700000
LYTIX,QuarkTX,TRUE,PoW/PoS,,100000000
SiaClassic,Blake2b,FALSE,PoW,,5000000000
Lunes,Leased POS,TRUE,LPoS,,150728537.61
SLICE,QuBit,TRUE,PoW,12925790.4226959,100000000
Dash Platinum,X11,TRUE,PoS,715659.44237941,19700000
Nasdacoin,Scrypt,TRUE,PoW/PoS,20546528.2059957,84000000
Vidulum,Equihash1927,TRUE,PoW,0,100000000
Beetle Coin,XEVAN,TRUE,PoW/PoS,198938144.363399,500000000
Titan Coin,SHA-256D,TRUE,PoW/PoS,896361168,5000000000
Award,X11,TRUE,PoW/PoS,15420234.5389336,420000000
BlockStamp,SHA-256,TRUE,PoW,0,105000000
BLAST,SHA-256,TRUE,PoW,52293836.6277958,64000000
ESBC,Quark,TRUE,PoS,,30000000
VeriBlock,SHA-256,TRUE,PoW,,2100000000
Bitcoin Rhodium,X13,TRUE,PoW,1170292.5,2100000
GlobalToken,SHA-256,TRUE,PoW,84613099.9999955,168000000
Insane Coin,X11,TRUE,PoW/PoS,23775960.3207514,30000000
WRTcoin,X11,TRUE,PoW,,25000000000
ALAX,DPoS,TRUE,DPoS,1000000000,1000000000
The Freedom Coin,X11,TRUE,PoS,0,25000000
Media Protocol Token,Ethash,FALSE,PoW,10000000000,10000000000
AmberCoin,X11,TRUE,PoW/PoS,,1000000000
LiteDoge,Scrypt,TRUE,PoW/PoS,15318887081.0146,35000000000
Boolberry,X11,TRUE,PoW,0,18450000
SolarCoin,Scrypt,TRUE,PoW,55565076.3863525,98100000000
TruckCoin,X11,TRUE,PoW/PoS,242574105.22384,0
UFO Coin,NeoScrypt,TRUE,PoW,3824685012,4000000000
Ascension Coin,QuBit,TRUE,PoW/PoS,0,0
OrangeCoin,Scrypt,TRUE,PoW/PoS,3537150,200000000
GSM Coin,X11,TRUE,PoW/PoS,,1800000
BlakeCoin,Blake,TRUE,PoW,23356790.1494191,7000000000
BitstarCoin,Scrypt,TRUE,PoW/PoS,20576532,54256119
NeosCoin,SHA-256,TRUE,PoS,4392258.24647793,21000000
HyperCoin,Scrypt,TRUE,PoW/PoS,9631199.99309942,0
PinkCoin,X11,TRUE,PoW/PoS,436353624.490312,500000000
FantomCoin ,CryptoNight,TRUE,PoW,0,18400000
World Trade Funds,X15,TRUE,PoW/PoS,,1000000
Crypto Escudo,Scrypt,TRUE,PoW,780210700,1000000000
Twelve Coin,T-Inside,TRUE,PoW/PoS,,0
AudioCoin,Scrypt,TRUE,PoW/PoS,980732528.97974,10500000000
Wood Coin,Skein,TRUE,PoW,,27625814
Cerium,SHA-256,TRUE,PoW/PoS,,2307925
IncaKoin,SHA-256,TRUE,PoW/PoS,17939725045.334,190000000
Piggy Coin,X11,TRUE,PoW/PoS,494240666.028571,1000000000
Crown Coin,SHA-256,TRUE,PoW,22986929.0854247,42000000
Genstake,Scrypt,TRUE,PoW/PoS,60000000,15000000
Litestar Coin,X11,TRUE,PoW/PoS,,120000000
Quazar Coin,CryptoNight,TRUE,PoW,0,18446744
SmileyCoin,Scrypt,TRUE,PoW,29583989322.9213,50000000000
BitQuark,Multiple,TRUE,PoW,,0
ParkByte,SHA-256,TRUE,PoW/PoS,0,25000000
Hellenic Coin,Scrypt,TRUE,PoW,,100000000
XiaoMiCoin,Scrypt,TRUE,PoW/PoS,404316475.545465,400000000
Groestlcoin,Groestl,TRUE,PoW,73298203.8873662,105000000
CapriCoin,X11,TRUE,PoW/PoS,201364327.427503,208000000
 ClubCoin,Scrypt,TRUE,PoW/PoS,103621876.167052,160000000
Radium,PoS,TRUE,PoS,3821245.74150193,9000000
Bata,Scrypt,TRUE,PoW,5052555.91981545,5000000
Pakcoin,Scrypt,TRUE,PoW,69684455.4387001,182000000
Creditbit ,X11,TRUE,Proof of Trust,16901016.6609755,16504333
OKCash,SHA-256,TRUE,PoW/PoS,74676064.9488608,105000000
Lisk,DPoS,TRUE,DPoS,120012140,159918400
HiCoin,Scrypt,TRUE,PoS,10000244677.7002,10008835635
WhiteCoin,Scrypt,TRUE,PoW/PoS,252005564.19257,300000000
Dotcoin,Scrypt,TRUE,PoW,0,890000000
FriendshipCoin,NeoScrypt,TRUE,PoW/PoS,1120385.00502,60168145
The Hempcoin,Scrypt,TRUE,PoW/PoS,0,300000000
Fiii,SHA3-256,TRUE,DPoC,-5917977547.96773,5000000000
JoinCoin,Multiple,TRUE,PoW,3332922.5,2800000
Triangles Coin,X13,TRUE,PoW/PoS,140777.753365,120000
RAIZER,SHA-256,FALSE,PoW,,1000000000
Vollar,Equihash+Scrypt,TRUE,PoW,100000000,2100000000
VENOTY,Scrypt,FALSE,PoW,,94000000
AlphaX,Scrypt,TRUE,PoS,,200000000000
Swinca,Quark,FALSE,PoW/PoS,,400000000
TecraCoin,Lyra2Z,FALSE,PoW,40874452.4756771,210000000
HCX PAY,CryptoNight,FALSE,PoW,,2000000000
Gexan,PHI2,FALSE,PoW/PoS,2233828.12953048,21000000
EOS,DPoS,TRUE,DPoS,1020544523.0722,0
Ahoolee,Ethash,TRUE,PoW,,100000000
Reality Clash,Ethash,TRUE,PoW,24487944.0958204,24487944
Oxycoin,DPoS,TRUE,DPoS,1122382283.37,0
Z2 Coin,SHA-256,FALSE,PoW,,11000000
Kapu,DPoS,TRUE,DPoS,,115000000
Graft Blockchain,CryptoNight,TRUE,PoW/PoS,,1844674400
Monaize,Equihash,TRUE,PoW/DPoW,,257142857
Avesta,Avesta hash,FALSE,PoW,,200000000
Extreme Sportsbook,X11,FALSE,PoS,,3000000
Scorum,DPoS,TRUE,DPoS,,20000000
Local World Forwarders,DPoS,TRUE,DPoS,,100000000
iOlite,Ethash,TRUE,PoW,0,1000000000
Adamant,DPoS,TRUE,DPoS,,200000000
uPlexa,CryptoNight,TRUE,PoW,,10500000000
TigerCash,SHA-256,TRUE,PoS,1000000000,1000000000
LAPO,Lyra2Z,FALSE,PoW/PoS,11086825523.3769,100000000000
Tip Blockchain,DPoS,TRUE,PoS,,1000000000
DECOIN,X11,TRUE,PoS,,140000000
Waves,Leased POS,TRUE,LPoS,100000000,100000000
Particl,PoS,TRUE,PoS,9283137.5558676,8634140
Slate,Slatechain,TRUE,PoW,,950000000
ShardCoin,Scrypt,FALSE,PoS,24924986.0946492,900000000
BitTorrent,TRC10,TRUE,DPoS,989988713439.649,990000000000
XAYA,NeoScrypt,TRUE,PoW,,77303932
ChainZilla,Equihash,FALSE,DPoW,11000068.2715789,11000000
Nxt,PoS,TRUE,PoS/LPoS,1000000000,1000000000
ZEPHYR,SHA-256,TRUE,DPoS,1999999995.3056,2000000000
Quotient,Scrypt,TRUE,PoW/PoS,,0
NetworkCoin,X13,TRUE,PoW/PoS,,400000
VapersCoin,Scrypt,TRUE,PoW,,42750000000
Gapcoin,Scrypt,TRUE,PoW/PoS,14931046.1546605,250000000
Super Zero,Ethash,TRUE,PoW,,1000000000
UOS,SHA-256,TRUE,DPoI,,1000000000
Beldex,CryptoNight,TRUE,PoW,980222595,1400222610
Horizen,Equihash,TRUE,PoW,7296537.5,21000000
BitcoinPlus,Scrypt,TRUE,PoS,128326.99633965,1000000
DivotyCoin,Scrypt,FALSE,PoW/PoS,21491213.4644496,100000000
Giotto Coin,Scrypt,FALSE,PoW/PoS,,233100000
OpenSourceCoin,SHA-256,FALSE,PoW/PoS,,21000000
SteamPunk,PoS,FALSE,PoS,,40000000